Workbook

Sheet nigeria_food_insecurity_all_sta
A1: State | B1: Region | C1: Food Insecure Population (2022) | D1: Food Insecure Population (2023) | E1: Food Insecure Population (2024) | F1: Food Insecure Population (2025 Projected) | G1: IPC Phase (2025) | H1: Primary Driver | I1: Children Malnourished Under 5 | J1: Data Source
A2: Abia | B2: South East | C2: 85000 | D2: 110000 | E2: 145000 | F2: 180000 | G2: Phase 2 - Stressed | H2: Inflation | I2: 42000 | J2: Cadre Harmonise / Estimated
A3: Adamawa | B3: North East | C3: 820000 | D3: 980000 | E3: 1028251 | F3: 1390000 | G3: Phase 3 - Crisis | H3: Conflict | I3: 470000 | J3: Cadre Harmonise
A4: Akwa Ibom | B4: South South | C4: 95000 | D4: 125000 | E4: 165000 | F4: 205000 | G4: Phase 2 - Stressed | H4: Inflation | I4: 48000 | J4: Estimated
A5: Anambra | B5: South East | C5: 100000 | D5: 135000 | E5: 172000 | F5: 215000 | G5: Phase 2 - Stressed | H5: Inflation | I5: 52000 | J5: Estimated
A6: Bauchi | B6: North East | C6: 610000 | D6: 740000 | E6: 890000 | F6: 1050000 | G6: Phase 3 - Crisis | H6: Conflict & Drought | I6: 310000 | J6: Cadre Harmonise
A7: Bayelsa | B7: South South | C7: 78000 | D7: 102000 | E7: 135000 | F7: 168000 | G7: Phase 2 - Stressed | H7: Inflation | I7: 38000 | J7: Estimated
A8: Benue | B8: North Central | C8: 870000 | D8: 1050000 | E8: 1234975 | F8: 1420000 | G8: Phase 3 - Crisis | H8: Conflict (Farmer-Herder) | I8: 380000 | J8: Cadre Harmonise
A9: Borno | B9: North East | C9: 1475554 | D9: 1720000 | E9: 2100000 | F9: 2610000 | G9: Phase 4 - Emergency | H9: Conflict | I9: 890000 | J9: Cadre Harmonise
A10: Cross River | B10: South South | C10: 110000 | D10: 148000 | E10: 195000 | F10: 245000 | G10: Phase 2 - Stressed | H10: Inflation & Flooding | I10: 58000 | J10: Cadre Harmonise
A11: Delta | B11: South South | C11: 102000 | D11: 138000 | E11: 182000 | F11: 228000 | G11: Phase 2 - Stressed | H11: Inflation | I11: 55000 | J11: Estimated
A12: Ebonyi | B12: South East | C12: 88000 | D12: 118000 | E12: 155000 | F12: 192000 | G12: Phase 2 - Stressed | H12: Inflation | I12: 45000 | J12: Estimated
A13: Edo | B13: South South | C13: 95000 | D13: 128000 | E13: 168000 | F13: 210000 | G13: Phase 2 - Stressed | H13: Inflation | I13: 50000 | J13: Cadre Harmonise
... A38: Zamfara | B38: North West | C38: 1200000 | D38: 1400000 | E38: 1564472 | F38: 1840000 | G38: Phase 4 - Emergency | H38: Conflict & Banditry | I38: 720000 | J38: Cadre Harmonise

Sheet Q1 analysis 
A1: Q1 Analysis: State Rankings by Food Insecure Population (2025)
A3: Rank | B3: State | C3: Region | D3: Food Insecure population (2025) | E3: % of Total
A4: 1 | B4: {=INDEX(nigeria_food_insecurity_all_sta!A$2:A$38,MATCH(LARGE(nigeria_food_insecurity_all_sta!F$2:F$38,A4),nigeria_food_insecurity_all_sta!F$2:F$38,0))} -> Borno | C4: {=INDEX(nigeria_food_insecurity_all_sta!B$2:B$38,MATCH(LARGE(nigeria_food_insecurity_all_sta!F$2:F$38,A4),nigeria_food_insecurity_all_sta!F$2:F$38,0))} -> North East | D4: =LARGE(nigeria_food_insecurity_all_sta!F$2:F$38,A4) -> 2610000 | E4: =D4/SUM(nigeria_food_insecurity_all_sta!F$2:F$38)*100 -> 8.8387687
A5: 2 | B5: {=INDEX(nigeria_food_insecurity_all_sta!A$2:A$38,MATCH(LARGE(nigeria_food_insecurity_all_sta!F$2:F$38,A5),nigeria_food_insecurity_all_sta!F$2:F$38,0))} -> Kaduna | C5: {=INDEX(nigeria_food_insecurity_all_sta!B$2:B$38,MATCH(LARGE(nigeria_food_insecurity_all_sta!F$2:F$38,A5),nigeria_food_insecurity_all_sta!F$2:F$38,0))} -> North West | D5: =LARGE(nigeria_food_insecurity_all_sta!F$2:F$38,A5) -> 2050000 | E5: =D5/SUM(nigeria_food_insecurity_all_sta!F$2:F$38)*100 -> 6.9423279
A6: 3 | B6: {=INDEX(nigeria_food_insecurity_all_sta!A$2:A$38,MATCH(LARGE(nigeria_food_insecurity_all_sta!F$2:F$38,A6),nigeria_food_insecurity_all_sta!F$2:F$38,0))} -> Kano | C6: {=INDEX(nigeria_food_insecurity_all_sta!B$2:B$38,MATCH(LARGE(nigeria_food_insecurity_all_sta!F$2:F$38,A6),nigeria_food_insecurity_all_sta!F$2:F$38,0))} -> North West | D6: =LARGE(nigeria_food_insecurity_all_sta!F$2:F$38,A6) -> 1950000 | E6: =D6/SUM(nigeria_food_insecurity_all_sta!F$2:F$38)*100 -> 6.6036777
A7: 4 | B7: {=INDEX(nigeria_food_insecurity_all_sta!A$2:A$38,MATCH(LARGE(nigeria_food_insecurity_all_sta!F$2:F$38,A7),nigeria_food_insecurity_all_sta!F$2:F$38,0))} -> Katsina | C7: {=INDEX(nigeria_food_insecurity_all_sta!B$2:B$38,MATCH(LARGE(nigeria_food_insecurity_all_sta!F$2:F$38,A7),nigeria_food_insecurity_all_sta!F$2:F$38,0))} -> North West | D7: =LARGE(nigeria_food_insecurity_all_sta!F$2:F$38,A7) -> 1880000 | E7: =D7/SUM(nigeria_food_insecurity_all_sta!F$2:F$38)*100 -> 6.3666226
A8: 5 | B8: {=INDEX(nigeria_food_insecurity_all_sta!A$2:A$38,MATCH(LARGE(nigeria_food_insecurity_all_sta!F$2:F$38,A8),nigeria_food_insecurity_all_sta!F$2:F$38,0))} -> Zamfara | C8: {=INDEX(nigeria_food_insecurity_all_sta!B$2:B$38,MATCH(LARGE(nigeria_food_insecurity_all_sta!F$2:F$38,A8),nigeria_food_insecurity_all_sta!F$2:F$38,0))} -> North West | D8: =LARGE(nigeria_food_insecurity_all_sta!F$2:F$38,A8) -> 1840000 | E8: =D8/SUM(nigeria_food_insecurity_all_sta!F$2:F$38)*100 -> 6.2311626
A9: 6 | B9: {=INDEX(nigeria_food_insecurity_all_sta!A$2:A$38,MATCH(LARGE(nigeria_food_insecurity_all_sta!F$2:F$38,A9),nigeria_food_insecurity_all_sta!F$2:F$38,0))} -> Yobe | C9: {=INDEX(nigeria_food_insecurity_all_sta!B$2:B$38,MATCH(LARGE(nigeria_food_insecurity_all_sta!F$2:F$38,A9),nigeria_food_insecurity_all_sta!F$2:F$38,0))} -> North East | D9: =LARGE(nigeria_food_insecurity_all_sta!F$2:F$38,A9) -> 1650000 | E9: =D9/SUM(nigeria_food_insecurity_all_sta!F$2:F$38)*100 -> 5.5877273
A10: 7 | B10: {=INDEX(nigeria_food_insecurity_all_sta!A$2:A$38,MATCH(LARGE(nigeria_food_insecurity_all_sta!F$2:F$38,A10),nigeria_food_insecurity_all_sta!F$2:F$38,0))} -> Niger | C10: {=INDEX(nigeria_food_insecurity_all_sta!B$2:B$38,MATCH(LARGE(nigeria_food_insecurity_all_sta!F$2:F$38,A10),nigeria_food_insecurity_all_sta!F$2:F$38,0))} -> North Central | D10: =LARGE(nigeria_food_insecurity_all_sta!F$2:F$38,A10) -> 1640000 | E10: =D10/SUM(nigeria_food_insecurity_all_sta!F$2:F$38)*100 -> 5.5538623
A11: 8 | B11: {=INDEX(nigeria_food_insecurity_all_sta!A$2:A$38,MATCH(LARGE(nigeria_food_insecurity_all_sta!F$2:F$38,A11),nigeria_food_insecurity_all_sta!F$2:F$38,0))} -> Benue | C11: {=INDEX(nigeria_food_insecurity_all_sta!B$2:B$38,MATCH(LARGE(nigeria_food_insecurity_all_sta!F$2:F$38,A11),nigeria_food_insecurity_all_sta!F$2:F$38,0))} -> North Central | D11: =LARGE(nigeria_food_insecurity_all_sta!F$2:F$38,A11) -> 1420000 | E11: =D11/SUM(nigeria_food_insecurity_all_sta!F$2:F$38)*100 -> 4.808832
A12: 9 | B12: {=INDEX(nigeria_food_insecurity_all_sta!A$2:A$38,MATCH(LARGE(nigeria_food_insecurity_all_sta!F$2:F$38,A12),nigeria_food_insecurity_all_sta!F$2:F$38,0))} -> Adamawa | C12: {=INDEX(nigeria_food_insecurity_all_sta!B$2:B$38,MATCH(LARGE(nigeria_food_insecurity_all_sta!F$2:F$38,A12),nigeria_food_insecurity_all_sta!F$2:F$38,0))} -> North East | D12: =LARGE(nigeria_food_insecurity_all_sta!F$2:F$38,A12) -> 1390000 | E12: =D12/SUM(nigeria_food_insecurity_all_sta!F$2:F$38)*100 -> 4.707237
A13: 10 | B13: {=INDEX(nigeria_food_insecurity_all_sta!A$2:A$38,MATCH(LARGE(nigeria_food_insecurity_all_sta!F$2:F$38,A13),nigeria_food_insecurity_all_sta!F$2:F$38,0))} -> Sokoto | C13: {=INDEX(nigeria_food_insecurity_all_sta!B$2:B$38,MATCH(LARGE(nigeria_food_insecurity_all_sta!F$2:F$38,A13),nigeria_food_insecurity_all_sta!F$2:F$38,0))} -> North West | D13: =LARGE(nigeria_food_insecurity_all_sta!F$2:F$38,A13) -> 1350000 | E13: =D13/SUM(nigeria_food_insecurity_all_sta!F$2:F$38)*100 -> 4.5717769
A14: 11 | B14: {=INDEX(nigeria_food_insecurity_all_sta!A$2:A$38,MATCH(LARGE(nigeria_food_insecurity_all_sta!F$2:F$38,A14),nigeria_food_insecurity_all_sta!F$2:F$38,0))} -> Jigawa | C14: {=INDEX(nigeria_food_insecurity_all_sta!B$2:B$38,MATCH(LARGE(nigeria_food_insecurity_all_sta!F$2:F$38,A14),nigeria_food_insecurity_all_sta!F$2:F$38,0))} -> North West | D14: =LARGE(nigeria_food_insecurity_all_sta!F$2:F$38,A14) -> 1150000 | E14: =D14/SUM(nigeria_food_insecurity_all_sta!F$2:F$38)*100 -> 3.8944766
A15: 12 | B15: {=INDEX(nigeria_food_insecurity_all_sta!A$2:A$38,MATCH(LARGE(nigeria_food_insecurity_all_sta!F$2:F$38,A15),nigeria_food_insecurity_all_sta!F$2:F$38,0))} -> Bauchi | C15: {=INDEX(nigeria_food_insecurity_all_sta!B$2:B$38,MATCH(LARGE(nigeria_food_insecurity_all_sta!F$2:F$38,A15),nigeria_food_insecurity_all_sta!F$2:F$38,0))} -> North East | D15: =LARGE(nigeria_food_insecurity_all_sta!F$2:F$38,A15) -> 1050000 | E15: =D15/SUM(nigeria_food_insecurity_all_sta!F$2:F$38)*100 -> 3.5558265
... A39: 37 | B39: {=INDEX(nigeria_food_insecurity_all_sta!A$2:A$38,MATCH(LARGE(nigeria_food_insecurity_all_sta!F$2:F$38,A39),nigeria_food_insecurity_all_sta!F$2:F$38,0))} -> Ekiti | C39: {=INDEX(nigeria_food_insecurity_all_sta!B$2:B$38,MATCH(LARGE(nigeria_food_insecurity_all_sta!F$2:F$38,A39),nigeria_food_insecurity_all_sta!F$2:F$38,0))} -> South West | D39: =LARGE(nigeria_food_insecurity_all_sta!F$2:F$38,A39) -> 160000 | E39: =D39/SUM(nigeria_food_insecurity_all_sta!F$2:F$38)*100 -> 0.54184022
A41: Total Food Insecure (2025) | B41: =SUM(nigeria_food_insecurity_all_sta!F$2:F$40) -> 29529000
A42: North Total | B42: =SUMIF(nigeria_food_insecurity_all_sta!B$2:B$38,"North*",nigeria_food_insecurity_all_sta!F$2:F$38) -> 25440000
A43: South Total | B43: =SUMIF(nigeria_food_insecurity_all_sta!B$2:B$38,"South*",nigeria_food_insecurity_all_sta!F$2:F$38) -> 4089000

Sheet Q2 analysis
A1: Q2 Analysis: Year-on-Year Trend by Region (2022-2025)
A3: Region | B3: 2022 | C3: 2023 | D3: 2024 | E3: 2025 | F3: Change (2022-2025) | G3: % Change
A4: North East | B4: =SUMIF(nigeria_food_insecurity_all_sta!$B$2:$B$38,"North East",nigeria_food_insecurity_all_sta!$C$2:$C$38) -> 5005554 | C4: =SUMIF(nigeria_food_insecurity_all_sta!$B$2:$B$38,"North East",nigeria_food_insecurity_all_sta!$D$2:$D$38) -> 5930000 | D4: =SUMIF(nigeria_food_insecurity_all_sta!$B$2:$B$38,"North East",nigeria_food_insecurity_all_sta!$E$2:$E$38) -> 6673738 | E4: =SUMIF(nigeria_food_insecurity_all_sta!$B$2:$B$38,"North East",nigeria_food_insecurity_all_sta!$F$2:$F$38) -> 8410000 | F4: =E4-B4 -> 3404446 | G4: =(E4-B4)/B4*100 -> 68.013371
A5: North West | B5: =SUMIF(nigeria_food_insecurity_all_sta!$B$2:$B$38,"North West",nigeria_food_insecurity_all_sta!$C$2:$C$38) -> 7080000 | C5: =SUMIF(nigeria_food_insecurity_all_sta!$B$2:$B$38,"North West",nigeria_food_insecurity_all_sta!$D$2:$D$38) -> 8220000 | D5: =SUMIF(nigeria_food_insecurity_all_sta!$B$2:$B$38,"North West",nigeria_food_insecurity_all_sta!$E$2:$E$38) -> 9413994 | E5: =SUMIF(nigeria_food_insecurity_all_sta!$B$2:$B$38,"North West",nigeria_food_insecurity_all_sta!$F$2:$F$38) -> 11100000 | F5: =E5-B5 -> 4020000 | G5: =(E5-B5)/B5*100 -> 56.779661
A6: North Central | B6: =SUMIF(nigeria_food_insecurity_all_sta!$B$2:$B$38,"North Central",nigeria_food_insecurity_all_sta!$C$2:$C$38) -> 3338000 | C6: =SUMIF(nigeria_food_insecurity_all_sta!$B$2:$B$38,"North Central",nigeria_food_insecurity_all_sta!$D$2:$D$38) -> 4055000 | D6: =SUMIF(nigeria_food_insecurity_all_sta!$B$2:$B$38,"North Central",nigeria_food_insecurity_all_sta!$E$2:$E$38) -> 4904825 | E6: =SUMIF(nigeria_food_insecurity_all_sta!$B$2:$B$38,"North Central",nigeria_food_insecurity_all_sta!$F$2:$F$38) -> 5930000 | F6: =E6-B6 -> 2592000 | G6: =(E6-B6)/B6*100 -> 77.651288
A7: South West | B7: =SUMIF(nigeria_food_insecurity_all_sta!$B$2:$B$38,"South West",nigeria_food_insecurity_all_sta!$C$2:$C$38) -> 716000 | C7: =SUMIF(nigeria_food_insecurity_all_sta!$B$2:$B$38,"South West",nigeria_food_insecurity_all_sta!$D$2:$D$38) -> 972000 | D7: =SUMIF(nigeria_food_insecurity_all_sta!$B$2:$B$38,"South West",nigeria_food_insecurity_all_sta!$E$2:$E$38) -> 1321000 | E7: =SUMIF(nigeria_food_insecurity_all_sta!$B$2:$B$38,"South West",nigeria_food_insecurity_all_sta!$F$2:$F$38) -> 1682000 | F7: =E7-B7 -> 966000 | G7: =(E7-B7)/B7*100 -> 134.9162
A8: South South | B8: =SUMIF(nigeria_food_insecurity_all_sta!$B$2:$B$38,"South South",nigeria_food_insecurity_all_sta!$C$2:$C$38) -> 638000 | C8: =SUMIF(nigeria_food_insecurity_all_sta!$B$2:$B$38,"South South",nigeria_food_insecurity_all_sta!$D$2:$D$38) -> 853000 | D8: =SUMIF(nigeria_food_insecurity_all_sta!$B$2:$B$38,"South South",nigeria_food_insecurity_all_sta!$E$2:$E$38) -> 1140000 | E8: =SUMIF(nigeria_food_insecurity_all_sta!$B$2:$B$38,"South South",nigeria_food_insecurity_all_sta!$F$2:$F$38) -> 1426000 | F8: =E8-B8 -> 788000 | G8: =(E8-B8)/B8*100 -> 123.51097
A9: South East | B9: =SUMIF(nigeria_food_insecurity_all_sta!$B$2:$B$38,"South East",nigeria_food_insecurity_all_sta!$C$2:$C$38) -> 453000 | C9: =SUMIF(nigeria_food_insecurity_all_sta!$B$2:$B$38,"South East",nigeria_food_insecurity_all_sta!$D$2:$D$38) -> 603000 | D9: =SUMIF(nigeria_food_insecurity_all_sta!$B$2:$B$38,"South East",nigeria_food_insecurity_all_sta!$E$2:$E$38) -> 787000 | E9: =SUMIF(nigeria_food_insecurity_all_sta!$B$2:$B$38,"South East",nigeria_food_insecurity_all_sta!$F$2:$F$38) -> 981000 | F9: =E9-B9 -> 528000 | G9: =(E9-B9)/B9*100 -> 116.55629
A11: TOTAL NIGERIA | B11: =SUM(B4:B9) -> 17230554 | C11: =SUM(C4:C9) -> 20633000 | D11: =SUM(D4:D9) -> 24240557 | E11: =SUM(E4:E9) -> 29529000 | F11: =SUM(E11-B11) -> 12298446 | G11: =(E11-B11)/B11*100 -> 71.375801

Sheet Q3 analysis
A1: Q3 Analysis: Primary Drivers of Food Insecurity (2025)
A3: Primary Driver | B3: No. States | C3: Total Population Affected (2025) | D3: % of Total | F3: Driver Group | G3: Population Affected
A4: Conflict | B4: =COUNTIF(nigeria_food_insecurity_all_sta!$H$2:$H$38,A4) -> 4 | C4: =SUMIF(nigeria_food_insecurity_all_sta!$H$2:$H$38,A4,nigeria_food_insecurity_all_sta!$F$2:$F$38) -> 6470000 | D4: =C4/SUM($C$4:$C$13)*100 -> 23.459879 | F4: Conflict (all types) | G4: =SUMIF(nigeria_food_insecurity_all_sta!$H$2:$H$38,"Conflict",nigeria_food_insecurity_all_sta!$F$2:$F$38)+SUMIF(nigeria_food_insecurity_all_sta!$H$2:$H$38,"Conflict & Banditry",nigeria_food_insecurity_all_sta!$F$2:$F$38)+SUMIF(nigeria_food_insecurity_all_sta!$H$2:$H$38,"Conflict & Drought",nigeria_food_insecurity_all_sta!$F$2:$F$38)+SUMIF(nigeria_food_insecurity_all_sta!$H$2:$H$38,"Conflict (Farmer-Herder)",nigeria_food_insecurity_all_sta!$F$2:$F$38) -> 16025000
A5: Conflict & Banditry | B5: =COUNTIF(nigeria_food_insecurity_all_sta!$H$2:$H$38,A5) -> 2 | C5: =SUMIF(nigeria_food_insecurity_all_sta!$H$2:$H$38,A5,nigeria_food_insecurity_all_sta!$F$2:$F$38) -> 3890000 | D5: =C5/SUM($C$4:$C$13)*100 -> 14.104935 | F5: Inflation (all types) | G5: =SUMIF(nigeria_food_insecurity_all_sta!$H$2:$H$38,"Inflation",nigeria_food_insecurity_all_sta!$F$2:$F$38)+SUMIF(nigeria_food_insecurity_all_sta!$H$2:$H$38,"Inflation & Flooding",nigeria_food_insecurity_all_sta!$F$2:$F$38) -> 5644000
A6: Conflict & Drought | B6: =COUNTIF(nigeria_food_insecurity_all_sta!$H$2:$H$38,A6) -> 2 | C6: =SUMIF(nigeria_food_insecurity_all_sta!$H$2:$H$38,A6,nigeria_food_insecurity_all_sta!$F$2:$F$38) -> 2930000 | D6: =C6/SUM($C$4:$C$13)*100 -> 10.624026 | F6: Flooding (all types | G6: =SUMIF(nigeria_food_insecurity_all_sta!$H$2:$H$38,"Flooding",nigeria_food_insecurity_all_sta!$F$2:$F$38)+SUMIF(nigeria_food_insecurity_all_sta!$H$2:$H$38,"Flooding & Conflict",nigeria_food_insecurity_all_sta!$F$2:$F$38) -> 2520000
A7: Conflict (Farmer-Herder) | B7: =COUNTIF(nigeria_food_insecurity_all_sta!$H$2:$H$38,A7) -> 3 | C7: =SUMIF(nigeria_food_insecurity_all_sta!$H$2:$H$38,A7,nigeria_food_insecurity_all_sta!$F$2:$F$38) -> 2735000 | D7: =C7/SUM($C$4:$C$13)*100 -> 9.9169658 | F7: Drought (all types) | G7: =SUMIF(nigeria_food_insecurity_all_sta!$H$2:$H$38,"Drought & Conflict",nigeria_food_insecurity_all_sta!$F$2:$F$38) -> 2240000
A8: Drought & Conflict | B8: =COUNTIF(nigeria_food_insecurity_all_sta!$H$2:$H$38,A8) -> 2 | C8: =SUMIF(nigeria_food_insecurity_all_sta!$H$2:$H$38,A8,nigeria_food_insecurity_all_sta!$F$2:$F$38) -> 2240000 | D8: =C8/SUM($C$4:$C$13)*100 -> 8.1221219
A9: Drought & Flooding | B9: =COUNTIF(nigeria_food_insecurity_all_sta!$H$2:$H$38,A9) -> 1 | C9: =SUMIF(nigeria_food_insecurity_all_sta!$H$2:$H$38,A9,nigeria_food_insecurity_all_sta!$F$2:$F$38) -> 1150000 | D9: =C9/SUM($C$4:$C$13)*100 -> 4.1698394
A10: Flooding | B10: =COUNTIF(nigeria_food_insecurity_all_sta!$H$2:$H$38,A10) -> 1 | C10: =SUMIF(nigeria_food_insecurity_all_sta!$H$2:$H$38,A10,nigeria_food_insecurity_all_sta!$F$2:$F$38) -> 880000 | D10: =C10/SUM($C$4:$C$13)*100 -> 3.1908336
A11: Flooding & Conflict | B11: =COUNTIF(nigeria_food_insecurity_all_sta!$H$2:$H$38,A11) -> 1 | C11: =SUMIF(nigeria_food_insecurity_all_sta!$H$2:$H$38,A11,nigeria_food_insecurity_all_sta!$F$2:$F$38) -> 1640000 | D11: =C11/SUM($C$4:$C$13)*100 -> 5.9465535
A12: Inflation | B12: =COUNTIF(nigeria_food_insecurity_all_sta!$H$2:$H$38,A12) -> 18 | C12: =SUMIF(nigeria_food_insecurity_all_sta!$H$2:$H$38,A12,nigeria_food_insecurity_all_sta!$F$2:$F$38) -> 4789000 | D12: =C12/SUM($C$4:$C$13)*100 -> 17.364662
A13: Inflation & Flooding | B13: =COUNTIF(nigeria_food_insecurity_all_sta!$H$2:$H$38,A13) -> 2 | C13: =SUMIF(nigeria_food_insecurity_all_sta!$H$2:$H$38,A13,nigeria_food_insecurity_all_sta!$F$2:$F$38) -> 855000 | D13: =C13/SUM($C$4:$C$13)*100 -> 3.1001849
A14: Inflation & Drought | B14: =COUNTIF(nigeria_food_insecurity_all_sta!$H$2:$H$38,A14) -> 1 | C14: =SUMIF(nigeria_food_insecurity_all_sta!$H$2:$H$38,A14,nigeria_food_insecurity_all_sta!$F$2:$F$38) -> 1950000 | D14: =C14/SUM($C$4:$C$13)*100 -> 7.0705972
A15: TOTAL | B15: =SUM(B4:B14) -> 37 | C15: =SUM(C4:C14) -> 29529000 | D15: =SUM(D4:D13) -> 100

Sheet Q4 analysis
A1: Q4 Analysis: Child Malnutrition by State (Under 5)
A3: Rank | B3: State | C3: Region | D3: Children Malnourished (Under 5) | E3: % of Total Malnorished | G3: State | H3: Children Malnourished
A4: 1 | B4: {=INDEX(nigeria_food_insecurity_all_sta!$A$2:$A$38,MATCH(LARGE(nigeria_food_insecurity_all_sta!$I$2:$I$38,A4),nigeria_food_insecurity_all_sta!$I$2:$I$38,0))} -> Borno | C4: {=INDEX(nigeria_food_insecurity_all_sta!$B$2:$B$38,MATCH(LARGE(nigeria_food_insecurity_all_sta!$I$2:$I$38,A4),nigeria_food_insecurity_all_sta!$I$2:$I$38,0))} -> North East | D4: =LARGE(nigeria_food_insecurity_all_sta!$I$2:$I$38,A4) -> 890000 | E4: =D4/SUM(nigeria_food_insecurity_all_sta!$I$2:$I$38)*100 -> 9.9430231 | G4: =B4 -> Borno | H4: =D4 -> 890000
A5: 2 | B5: {=INDEX(nigeria_food_insecurity_all_sta!$A$2:$A$38,MATCH(LARGE(nigeria_food_insecurity_all_sta!$I$2:$I$38,A5),nigeria_food_insecurity_all_sta!$I$2:$I$38,0))} -> Zamfara | C5: {=INDEX(nigeria_food_insecurity_all_sta!$B$2:$B$38,MATCH(LARGE(nigeria_food_insecurity_all_sta!$I$2:$I$38,A5),nigeria_food_insecurity_all_sta!$I$2:$I$38,0))} -> North West | D5: =LARGE(nigeria_food_insecurity_all_sta!$I$2:$I$38,A5) -> 720000 | E5: =D5/SUM(nigeria_food_insecurity_all_sta!$I$2:$I$38)*100 -> 8.043794 | G5: =B5 -> Zamfara | H5: =D5 -> 720000
A6: 3 | B6: {=INDEX(nigeria_food_insecurity_all_sta!$A$2:$A$38,MATCH(LARGE(nigeria_food_insecurity_all_sta!$I$2:$I$38,A6),nigeria_food_insecurity_all_sta!$I$2:$I$38,0))} -> Katsina | C6: {=INDEX(nigeria_food_insecurity_all_sta!$B$2:$B$38,MATCH(LARGE(nigeria_food_insecurity_all_sta!$I$2:$I$38,A6),nigeria_food_insecurity_all_sta!$I$2:$I$38,0))} -> North West | D6: =LARGE(nigeria_food_insecurity_all_sta!$I$2:$I$38,A6) -> 680000 | E6: =D6/SUM(nigeria_food_insecurity_all_sta!$I$2:$I$38)*100 -> 7.5969165 | G6: =B6 -> Katsina | H6: =D6 -> 680000
A7: 4 | B7: {=INDEX(nigeria_food_insecurity_all_sta!$A$2:$A$38,MATCH(LARGE(nigeria_food_insecurity_all_sta!$I$2:$I$38,A7),nigeria_food_insecurity_all_sta!$I$2:$I$38,0))} -> Kaduna | C7: {=INDEX(nigeria_food_insecurity_all_sta!$B$2:$B$38,MATCH(LARGE(nigeria_food_insecurity_all_sta!$I$2:$I$38,A7),nigeria_food_insecurity_all_sta!$I$2:$I$38,0))} -> North West | D7: =LARGE(nigeria_food_insecurity_all_sta!$I$2:$I$38,A7) -> 620000 | E7: =D7/SUM(nigeria_food_insecurity_all_sta!$I$2:$I$38)*100 -> 6.9266004 | G7: =B7 -> Kaduna | H7: =D7 -> 620000
A8: 5 | B8: {=INDEX(nigeria_food_insecurity_all_sta!$A$2:$A$38,MATCH(LARGE(nigeria_food_insecurity_all_sta!$I$2:$I$38,A8),nigeria_food_insecurity_all_sta!$I$2:$I$38,0))} -> Kano | C8: {=INDEX(nigeria_food_insecurity_all_sta!$B$2:$B$38,MATCH(LARGE(nigeria_food_insecurity_all_sta!$I$2:$I$38,A8),nigeria_food_insecurity_all_sta!$I$2:$I$38,0))} -> North West | D8: =LARGE(nigeria_food_insecurity_all_sta!$I$2:$I$38,A8) -> 590000 | E8: =D8/SUM(nigeria_food_insecurity_all_sta!$I$2:$I$38)*100 -> 6.5914423 | G8: =B8 -> Kano | H8: =D8 -> 590000
A9: 6 | B9: {=INDEX(nigeria_food_insecurity_all_sta!$A$2:$A$38,MATCH(LARGE(nigeria_food_insecurity_all_sta!$I$2:$I$38,A9),nigeria_food_insecurity_all_sta!$I$2:$I$38,0))} -> Yobe | C9: {=INDEX(nigeria_food_insecurity_all_sta!$B$2:$B$38,MATCH(LARGE(nigeria_food_insecurity_all_sta!$I$2:$I$38,A9),nigeria_food_insecurity_all_sta!$I$2:$I$38,0))} -> North East | D9: =LARGE(nigeria_food_insecurity_all_sta!$I$2:$I$38,A9) -> 580000 | E9: =D9/SUM(nigeria_food_insecurity_all_sta!$I$2:$I$38)*100 -> 6.4797229 | G9: =B9 -> Yobe | H9: =D9 -> 580000
A10: 7 | B10: {=INDEX(nigeria_food_insecurity_all_sta!$A$2:$A$38,MATCH(LARGE(nigeria_food_insecurity_all_sta!$I$2:$I$38,A10),nigeria_food_insecurity_all_sta!$I$2:$I$38,0))} -> Sokoto | C10: {=INDEX(nigeria_food_insecurity_all_sta!$B$2:$B$38,MATCH(LARGE(nigeria_food_insecurity_all_sta!$I$2:$I$38,A10),nigeria_food_insecurity_all_sta!$I$2:$I$38,0))} -> North West | D10: =LARGE(nigeria_food_insecurity_all_sta!$I$2:$I$38,A10) -> 490000 | E10: =D10/SUM(nigeria_food_insecurity_all_sta!$I$2:$I$38)*100 -> 5.4742487 | G10: =B10 -> Sokoto | H10: =D10 -> 490000
A11: 8 | B11: {=INDEX(nigeria_food_insecurity_all_sta!$A$2:$A$38,MATCH(LARGE(nigeria_food_insecurity_all_sta!$I$2:$I$38,A11),nigeria_food_insecurity_all_sta!$I$2:$I$38,0))} -> Adamawa | C11: {=INDEX(nigeria_food_insecurity_all_sta!$B$2:$B$38,MATCH(LARGE(nigeria_food_insecurity_all_sta!$I$2:$I$38,A11),nigeria_food_insecurity_all_sta!$I$2:$I$38,0))} -> North East | D11: =LARGE(nigeria_food_insecurity_all_sta!$I$2:$I$38,A11) -> 470000 | E11: =D11/SUM(nigeria_food_insecurity_all_sta!$I$2:$I$38)*100 -> 5.25081 | G11: =B11 -> Adamawa | H11: =D11 -> 470000
A12: 9 | B12: {=INDEX(nigeria_food_insecurity_all_sta!$A$2:$A$38,MATCH(LARGE(nigeria_food_insecurity_all_sta!$I$2:$I$38,A12),nigeria_food_insecurity_all_sta!$I$2:$I$38,0))} -> Niger | C12: {=INDEX(nigeria_food_insecurity_all_sta!$B$2:$B$38,MATCH(LARGE(nigeria_food_insecurity_all_sta!$I$2:$I$38,A12),nigeria_food_insecurity_all_sta!$I$2:$I$38,0))} -> North Central | D12: =LARGE(nigeria_food_insecurity_all_sta!$I$2:$I$38,A12) -> 420000 | E12: =D12/SUM(nigeria_food_insecurity_all_sta!$I$2:$I$38)*100 -> 4.6922132 | G12: =B12 -> Niger | H12: =D12 -> 420000
A13: 10 | B13: {=INDEX(nigeria_food_insecurity_all_sta!$A$2:$A$38,MATCH(LARGE(nigeria_food_insecurity_all_sta!$I$2:$I$38,A13),nigeria_food_insecurity_all_sta!$I$2:$I$38,0))} -> Benue | C13: {=INDEX(nigeria_food_insecurity_all_sta!$B$2:$B$38,MATCH(LARGE(nigeria_food_insecurity_all_sta!$I$2:$I$38,A13),nigeria_food_insecurity_all_sta!$I$2:$I$38,0))} -> North Central | D13: =LARGE(nigeria_food_insecurity_all_sta!$I$2:$I$38,A13) -> 380000 | E13: =D13/SUM(nigeria_food_insecurity_all_sta!$I$2:$I$38)*100 -> 4.2453357 | G13: =B13 -> Benue | H13: =D13 -> 380000
A14: 11 | B14: {=INDEX(nigeria_food_insecurity_all_sta!$A$2:$A$38,MATCH(LARGE(nigeria_food_insecurity_all_sta!$I$2:$I$38,A14),nigeria_food_insecurity_all_sta!$I$2:$I$38,0))} -> Bauchi | C14: {=INDEX(nigeria_food_insecurity_all_sta!$B$2:$B$38,MATCH(LARGE(nigeria_food_insecurity_all_sta!$I$2:$I$38,A14),nigeria_food_insecurity_all_sta!$I$2:$I$38,0))} -> North East | D14: =LARGE(nigeria_food_insecurity_all_sta!$I$2:$I$38,A14) -> 310000 | E14: =D14/SUM(nigeria_food_insecurity_all_sta!$I$2:$I$38)*100 -> 3.4633002
A15: 12 | B15: {=INDEX(nigeria_food_insecurity_all_sta!$A$2:$A$38,MATCH(LARGE(nigeria_food_insecurity_all_sta!$I$2:$I$38,A15),nigeria_food_insecurity_all_sta!$I$2:$I$38,0))} -> Bauchi | C15: {=INDEX(nigeria_food_insecurity_all_sta!$B$2:$B$38,MATCH(LARGE(nigeria_food_insecurity_all_sta!$I$2:$I$38,A15),nigeria_food_insecurity_all_sta!$I$2:$I$38,0))} -> North East | D15: =LARGE(nigeria_food_insecurity_all_sta!$I$2:$I$38,A15) -> 310000 | E15: =D15/SUM(nigeria_food_insecurity_all_sta!$I$2:$I$38)*100 -> 3.4633002
A16: 13 | B16: {=INDEX(nigeria_food_insecurity_all_sta!$A$2:$A$38,MATCH(LARGE(nigeria_food_insecurity_all_sta!$I$2:$I$38,A16),nigeria_food_insecurity_all_sta!$I$2:$I$38,0))} -> Kebbi | C16: {=INDEX(nigeria_food_insecurity_all_sta!$B$2:$B$38,MATCH(LARGE(nigeria_food_insecurity_all_sta!$I$2:$I$38,A16),nigeria_food_insecurity_all_sta!$I$2:$I$38,0))} -> North West | D16: =LARGE(nigeria_food_insecurity_all_sta!$I$2:$I$38,A16) -> 265000 | E16: =D16/SUM(nigeria_food_insecurity_all_sta!$I$2:$I$38)*100 -> 2.9605631
A17: 14 | B17: {=INDEX(nigeria_food_insecurity_all_sta!$A$2:$A$38,MATCH(LARGE(nigeria_food_insecurity_all_sta!$I$2:$I$38,A17),nigeria_food_insecurity_all_sta!$I$2:$I$38,0))} -> Taraba | C17: {=INDEX(nigeria_food_insecurity_all_sta!$B$2:$B$38,MATCH(LARGE(nigeria_food_insecurity_all_sta!$I$2:$I$38,A17),nigeria_food_insecurity_all_sta!$I$2:$I$38,0))} -> North East | D17: =LARGE(nigeria_food_insecurity_all_sta!$I$2:$I$38,A17) -> 248000 | E17: =D17/SUM(nigeria_food_insecurity_all_sta!$I$2:$I$38)*100 -> 2.7706402
A18: 15 | B18: {=INDEX(nigeria_food_insecurity_all_sta!$A$2:$A$38,MATCH(LARGE(nigeria_food_insecurity_all_sta!$I$2:$I$38,A18),nigeria_food_insecurity_all_sta!$I$2:$I$38,0))} -> Gombe | C18: {=INDEX(nigeria_food_insecurity_all_sta!$B$2:$B$38,MATCH(LARGE(nigeria_food_insecurity_all_sta!$I$2:$I$38,A18),nigeria_food_insecurity_all_sta!$I$2:$I$38,0))} -> North East | D18: =LARGE(nigeria_food_insecurity_all_sta!$I$2:$I$38,A18) -> 240000 | E18: =D18/SUM(nigeria_food_insecurity_all_sta!$I$2:$I$38)*100 -> 2.6812647
A19: 16 | B19: {=INDEX(nigeria_food_insecurity_all_sta!$A$2:$A$38,MATCH(LARGE(nigeria_food_insecurity_all_sta!$I$2:$I$38,A19),nigeria_food_insecurity_all_sta!$I$2:$I$38,0))} -> Plateau | C19: {=INDEX(nigeria_food_insecurity_all_sta!$B$2:$B$38,MATCH(LARGE(nigeria_food_insecurity_all_sta!$I$2:$I$38,A19),nigeria_food_insecurity_all_sta!$I$2:$I$38,0))} -> North Central | D19: =LARGE(nigeria_food_insecurity_all_sta!$I$2:$I$38,A19) -> 215000 | E19: =D19/SUM(nigeria_food_insecurity_all_sta!$I$2:$I$38)*100 -> 2.4019663
A20: 17 | B20: {=INDEX(nigeria_food_insecurity_all_sta!$A$2:$A$38,MATCH(LARGE(nigeria_food_insecurity_all_sta!$I$2:$I$38,A20),nigeria_food_insecurity_all_sta!$I$2:$I$38,0))} -> Nasarawa | C20: {=INDEX(nigeria_food_insecurity_all_sta!$B$2:$B$38,MATCH(LARGE(nigeria_food_insecurity_all_sta!$I$2:$I$38,A20),nigeria_food_insecurity_all_sta!$I$2:$I$38,0))} -> North Central | D20: =LARGE(nigeria_food_insecurity_all_sta!$I$2:$I$38,A20) -> 158000 | E20: =D20/SUM(nigeria_food_insecurity_all_sta!$I$2:$I$38)*100 -> 1.7651659
A21: 18 | B21: {=INDEX(nigeria_food_insecurity_all_sta!$A$2:$A$38,MATCH(LARGE(nigeria_food_insecurity_all_sta!$I$2:$I$38,A21),nigeria_food_insecurity_all_sta!$I$2:$I$38,0))} -> Kogi | C21: {=INDEX(nigeria_food_insecurity_all_sta!$B$2:$B$38,MATCH(LARGE(nigeria_food_insecurity_all_sta!$I$2:$I$38,A21),nigeria_food_insecurity_all_sta!$I$2:$I$38,0))} -> North Central | D21: =LARGE(nigeria_food_insecurity_all_sta!$I$2:$I$38,A21) -> 155000 | E21: =D21/SUM(nigeria_food_insecurity_all_sta!$I$2:$I$38)*100 -> 1.7316501
A22: 19 | B22: {=INDEX(nigeria_food_insecurity_all_sta!$A$2:$A$38,MATCH(LARGE(nigeria_food_insecurity_all_sta!$I$2:$I$38,A22),nigeria_food_insecurity_all_sta!$I$2:$I$38,0))} -> Kwara | C22: {=INDEX(nigeria_food_insecurity_all_sta!$B$2:$B$38,MATCH(LARGE(nigeria_food_insecurity_all_sta!$I$2:$I$38,A22),nigeria_food_insecurity_all_sta!$I$2:$I$38,0))} -> North Central | D22: =LARGE(nigeria_food_insecurity_all_sta!$I$2:$I$38,A22) -> 135000 | E22: =D22/SUM(nigeria_food_insecurity_all_sta!$I$2:$I$38)*100 -> 1.5082114
A23: 20 | B23: {=INDEX(nigeria_food_insecurity_all_sta!$A$2:$A$38,MATCH(LARGE(nigeria_food_insecurity_all_sta!$I$2:$I$38,A23),nigeria_food_insecurity_all_sta!$I$2:$I$38,0))} -> Lagos | C23: {=INDEX(nigeria_food_insecurity_all_sta!$B$2:$B$38,MATCH(LARGE(nigeria_food_insecurity_all_sta!$I$2:$I$38,A23),nigeria_food_insecurity_all_sta!$I$2:$I$38,0))} -> South West | D23: =LARGE(nigeria_food_insecurity_all_sta!$I$2:$I$38,A23) -> 128000 | E23: =D23/SUM(nigeria_food_insecurity_all_sta!$I$2:$I$38)*100 -> 1.4300078
A24: 21 | B24: {=INDEX(nigeria_food_insecurity_all_sta!$A$2:$A$38,MATCH(LARGE(nigeria_food_insecurity_all_sta!$I$2:$I$38,A24),nigeria_food_insecurity_all_sta!$I$2:$I$38,0))} -> FCT | C24: {=INDEX(nigeria_food_insecurity_all_sta!$B$2:$B$38,MATCH(LARGE(nigeria_food_insecurity_all_sta!$I$2:$I$38,A24),nigeria_food_insecurity_all_sta!$I$2:$I$38,0))} -> North Central | D24: =LARGE(nigeria_food_insecurity_all_sta!$I$2:$I$38,A24) -> 95000 | E24: =D24/SUM(nigeria_food_insecurity_all_sta!$I$2:$I$38)*100 -> 1.0613339
A25: 22 | B25: {=INDEX(nigeria_food_insecurity_all_sta!$A$2:$A$38,MATCH(LARGE(nigeria_food_insecurity_all_sta!$I$2:$I$38,A25),nigeria_food_insecurity_all_sta!$I$2:$I$38,0))} -> Rivers | C25: {=INDEX(nigeria_food_insecurity_all_sta!$B$2:$B$38,MATCH(LARGE(nigeria_food_insecurity_all_sta!$I$2:$I$38,A25),nigeria_food_insecurity_all_sta!$I$2:$I$38,0))} -> South South | D25: =LARGE(nigeria_food_insecurity_all_sta!$I$2:$I$38,A25) -> 90000 | E25: =D25/SUM(nigeria_food_insecurity_all_sta!$I$2:$I$38)*100 -> 1.0054742
... A40: 37 | B40: {=INDEX(nigeria_food_insecurity_all_sta!$A$2:$A$38,MATCH(LARGE(nigeria_food_insecurity_all_sta!$I$2:$I$38,A40),nigeria_food_insecurity_all_sta!$I$2:$I$38,0))} -> Bayelsa | C40: {=INDEX(nigeria_food_insecurity_all_sta!$B$2:$B$38,MATCH(LARGE(nigeria_food_insecurity_all_sta!$I$2:$I$38,A40),nigeria_food_insecurity_all_sta!$I$2:$I$38,0))} -> South South | D40: =LARGE(nigeria_food_insecurity_all_sta!$I$2:$I$38,A40) -> 38000 | E40: =D40/SUM(nigeria_food_insecurity_all_sta!$I$2:$I$38)*100 -> 0.42453357
A42: TOTAL | D42: =SUM(D4:D40) -> 8951000 | E42: =SUM(E4:E40) -> 100

Sheet Dashboard
A1: NIGERIA FOOD INSECURITY CRISIS — DATA ANALYSIS 2022–2025
A2: Source: Cadre Harmonisé (FAO/WFP) | Compiled & Analyzed by Daniel Emmanuel Nanshak
A4: 33.1M Nigerians at Risk (2025) | D4: 74.4% Rise Since 2022 | G4: 5.4M Children Malnourished | J4: 115 Global Hunger Index Rank
A8: Borno, Kaduna & Kano account for over 20% of all food insecure Nigerians | G8: Conflict affects more people than Inflation, Flooding & Drought combined
A28: Conflict affects more people than Inflation, Flooding & Drought combined | G28: 890,000 children under 5 face acute malnutrition in Borno alone
A46: Data Sources: Cadre Harmonisé (FAO/WFP/Nigerian Government) | March 2025 Report | For Portfolio Use Only
